method_id,n_degenerate,pct_degenerate,total_units
CaSee,120,10.81081081081081,1110
FiRE,10,0.9009009009009008,1110
RareQ,7,0.6306306306306306,1110
scMalignantFinder,240,21.62162162162162,1110
