test,metric,track,n_units,n_methods,statistic,df1,df2,p_value
Friedman,ap,A,140,10,695.0496675791943,9,,8.018106962367579e-144
Iman-Davenport,ap,A,140,10,171.00955296287216,9,1251.0,8.413699089971918e-211
