method_id,mean_fp_rate
CaSee,0.030079933791707876
DeepScena,0.030583197971686
FiRE,0.03148689119415257
RareQ,0.029328004419737506
cellsius,0.029544751166898107
expr_threshold,0.030998888451899093
hvg_logreg,0.7883409775676455
random_baseline,0.030884455696576597
scCAD,0.030107638083445323
scMalignantFinder,0.031485643147809245
